"order_date","year","month","day","month_name"
"2016-09-04",2016,9,4,"September"
"2016-09-05",2016,9,5,"September"
"2016-09-13",2016,9,13,"September"
"2016-09-15",2016,9,15,"September"
"2016-10-02",2016,10,2,"October  "
"2016-10-03",2016,10,3,"October  "
"2016-10-04",2016,10,4,"October  "
"2016-10-05",2016,10,5,"October  "
"2016-10-06",2016,10,6,"October  "
"2016-10-07",2016,10,7,"October  "
"2016-10-08",2016,10,8,"October  "
"2016-10-09",2016,10,9,"October  "
"2016-10-10",2016,10,10,"October  "
"2016-10-22",2016,10,22,"October  "
"2016-12-23",2016,12,23,"December "
"2017-01-05",2017,1,5,"January  "
"2017-01-06",2017,1,6,"January  "
"2017-01-07",2017,1,7,"January  "
"2017-01-08",2017,1,8,"January  "
"2017-01-09",2017,1,9,"January  "
"2017-01-10",2017,1,10,"January  "
"2017-01-11",2017,1,11,"January  "
"2017-01-12",2017,1,12,"January  "
"2017-01-13",2017,1,13,"January  "
"2017-01-14",2017,1,14,"January  "
"2017-01-15",2017,1,15,"January  "
"2017-01-16",2017,1,16,"January  "
"2017-01-17",2017,1,17,"January  "
"2017-01-18",2017,1,18,"January  "
"2017-01-19",2017,1,19,"January  "
"2017-01-20",2017,1,20,"January  "
"2017-01-21",2017,1,21,"January  "
"2017-01-22",2017,1,22,"January  "
"2017-01-23",2017,1,23,"January  "
"2017-01-24",2017,1,24,"January  "
"2017-01-25",2017,1,25,"January  "
"2017-01-26",2017,1,26,"January  "
"2017-01-27",2017,1,27,"January  "
"2017-01-28",2017,1,28,"January  "
"2017-01-29",2017,1,29,"January  "
"2017-01-30",2017,1,30,"January  "
"2017-01-31",2017,1,31,"January  "
"2017-02-01",2017,2,1,"February "
"2017-02-02",2017,2,2,"February "
"2017-02-03",2017,2,3,"February "
"2017-02-04",2017,2,4,"February "
"2017-02-05",2017,2,5,"February "
"2017-02-06",2017,2,6,"February "
"2017-02-07",2017,2,7,"February "
"2017-02-08",2017,2,8,"February "
"2017-02-09",2017,2,9,"February "
"2017-02-10",2017,2,10,"February "
"2017-02-11",2017,2,11,"February "
"2017-02-12",2017,2,12,"February "
"2017-02-13",2017,2,13,"February "
"2017-02-14",2017,2,14,"February "
"2017-02-15",2017,2,15,"February "
"2017-02-16",2017,2,16,"February "
"2017-02-17",2017,2,17,"February "
"2017-02-18",2017,2,18,"February "
"2017-02-19",2017,2,19,"February "
"2017-02-20",2017,2,20,"February "
"2017-02-21",2017,2,21,"February "
"2017-02-22",2017,2,22,"February "
"2017-02-23",2017,2,23,"February "
"2017-02-24",2017,2,24,"February "
"2017-02-25",2017,2,25,"February "
"2017-02-26",2017,2,26,"February "
"2017-02-27",2017,2,27,"February "
"2017-02-28",2017,2,28,"February "
"2017-03-01",2017,3,1,"March    "
"2017-03-02",2017,3,2,"March    "
"2017-03-03",2017,3,3,"March    "
"2017-03-04",2017,3,4,"March    "
"2017-03-05",2017,3,5,"March    "
"2017-03-06",2017,3,6,"March    "
"2017-03-07",2017,3,7,"March    "
"2017-03-08",2017,3,8,"March    "
"2017-03-09",2017,3,9,"March    "
"2017-03-10",2017,3,10,"March    "
"2017-03-11",2017,3,11,"March    "
"2017-03-12",2017,3,12,"March    "
"2017-03-13",2017,3,13,"March    "
"2017-03-14",2017,3,14,"March    "
"2017-03-15",2017,3,15,"March    "
"2017-03-16",2017,3,16,"March    "
"2017-03-17",2017,3,17,"March    "
"2017-03-18",2017,3,18,"March    "
"2017-03-19",2017,3,19,"March    "
"2017-03-20",2017,3,20,"March    "
"2017-03-21",2017,3,21,"March    "
"2017-03-22",2017,3,22,"March    "
"2017-03-23",2017,3,23,"March    "
"2017-03-24",2017,3,24,"March    "
"2017-03-25",2017,3,25,"March    "
"2017-03-26",2017,3,26,"March    "
"2017-03-27",2017,3,27,"March    "
"2017-03-28",2017,3,28,"March    "
"2017-03-29",2017,3,29,"March    "
"2017-03-30",2017,3,30,"March    "
"2017-03-31",2017,3,31,"March    "
"2017-04-01",2017,4,1,"April    "
"2017-04-02",2017,4,2,"April    "
"2017-04-03",2017,4,3,"April    "
"2017-04-04",2017,4,4,"April    "
"2017-04-05",2017,4,5,"April    "
"2017-04-06",2017,4,6,"April    "
"2017-04-07",2017,4,7,"April    "
"2017-04-08",2017,4,8,"April    "
"2017-04-09",2017,4,9,"April    "
"2017-04-10",2017,4,10,"April    "
"2017-04-11",2017,4,11,"April    "
"2017-04-12",2017,4,12,"April    "
"2017-04-13",2017,4,13,"April    "
"2017-04-14",2017,4,14,"April    "
"2017-04-15",2017,4,15,"April    "
"2017-04-16",2017,4,16,"April    "
"2017-04-17",2017,4,17,"April    "
"2017-04-18",2017,4,18,"April    "
"2017-04-19",2017,4,19,"April    "
"2017-04-20",2017,4,20,"April    "
"2017-04-21",2017,4,21,"April    "
"2017-04-22",2017,4,22,"April    "
"2017-04-23",2017,4,23,"April    "
"2017-04-24",2017,4,24,"April    "
"2017-04-25",2017,4,25,"April    "
"2017-04-26",2017,4,26,"April    "
"2017-04-27",2017,4,27,"April    "
"2017-04-28",2017,4,28,"April    "
"2017-04-29",2017,4,29,"April    "
"2017-04-30",2017,4,30,"April    "
"2017-05-01",2017,5,1,"May      "
"2017-05-02",2017,5,2,"May      "
"2017-05-03",2017,5,3,"May      "
"2017-05-04",2017,5,4,"May      "
"2017-05-05",2017,5,5,"May      "
"2017-05-06",2017,5,6,"May      "
"2017-05-07",2017,5,7,"May      "
"2017-05-08",2017,5,8,"May      "
"2017-05-09",2017,5,9,"May      "
"2017-05-10",2017,5,10,"May      "
"2017-05-11",2017,5,11,"May      "
"2017-05-12",2017,5,12,"May      "
"2017-05-13",2017,5,13,"May      "
"2017-05-14",2017,5,14,"May      "
"2017-05-15",2017,5,15,"May      "
"2017-05-16",2017,5,16,"May      "
"2017-05-17",2017,5,17,"May      "
"2017-05-18",2017,5,18,"May      "
"2017-05-19",2017,5,19,"May      "
"2017-05-20",2017,5,20,"May      "
"2017-05-21",2017,5,21,"May      "
"2017-05-22",2017,5,22,"May      "
"2017-05-23",2017,5,23,"May      "
"2017-05-24",2017,5,24,"May      "
"2017-05-25",2017,5,25,"May      "
"2017-05-26",2017,5,26,"May      "
"2017-05-27",2017,5,27,"May      "
"2017-05-28",2017,5,28,"May      "
"2017-05-29",2017,5,29,"May      "
"2017-05-30",2017,5,30,"May      "
"2017-05-31",2017,5,31,"May      "
"2017-06-01",2017,6,1,"June     "
"2017-06-02",2017,6,2,"June     "
"2017-06-03",2017,6,3,"June     "
"2017-06-04",2017,6,4,"June     "
"2017-06-05",2017,6,5,"June     "
"2017-06-06",2017,6,6,"June     "
"2017-06-07",2017,6,7,"June     "
"2017-06-08",2017,6,8,"June     "
"2017-06-09",2017,6,9,"June     "
"2017-06-10",2017,6,10,"June     "
"2017-06-11",2017,6,11,"June     "
"2017-06-12",2017,6,12,"June     "
"2017-06-13",2017,6,13,"June     "
"2017-06-14",2017,6,14,"June     "
"2017-06-15",2017,6,15,"June     "
"2017-06-16",2017,6,16,"June     "
"2017-06-17",2017,6,17,"June     "
"2017-06-18",2017,6,18,"June     "
"2017-06-19",2017,6,19,"June     "
"2017-06-20",2017,6,20,"June     "
"2017-06-21",2017,6,21,"June     "
"2017-06-22",2017,6,22,"June     "
"2017-06-23",2017,6,23,"June     "
"2017-06-24",2017,6,24,"June     "
"2017-06-25",2017,6,25,"June     "
"2017-06-26",2017,6,26,"June     "
"2017-06-27",2017,6,27,"June     "
"2017-06-28",2017,6,28,"June     "
"2017-06-29",2017,6,29,"June     "
"2017-06-30",2017,6,30,"June     "
"2017-07-01",2017,7,1,"July     "
"2017-07-02",2017,7,2,"July     "
"2017-07-03",2017,7,3,"July     "
"2017-07-04",2017,7,4,"July     "
"2017-07-05",2017,7,5,"July     "
"2017-07-06",2017,7,6,"July     "
"2017-07-07",2017,7,7,"July     "
"2017-07-08",2017,7,8,"July     "
"2017-07-09",2017,7,9,"July     "
"2017-07-10",2017,7,10,"July     "
"2017-07-11",2017,7,11,"July     "
"2017-07-12",2017,7,12,"July     "
"2017-07-13",2017,7,13,"July     "
"2017-07-14",2017,7,14,"July     "
"2017-07-15",2017,7,15,"July     "
"2017-07-16",2017,7,16,"July     "
"2017-07-17",2017,7,17,"July     "
"2017-07-18",2017,7,18,"July     "
"2017-07-19",2017,7,19,"July     "
"2017-07-20",2017,7,20,"July     "
"2017-07-21",2017,7,21,"July     "
"2017-07-22",2017,7,22,"July     "
"2017-07-23",2017,7,23,"July     "
"2017-07-24",2017,7,24,"July     "
"2017-07-25",2017,7,25,"July     "
"2017-07-26",2017,7,26,"July     "
"2017-07-27",2017,7,27,"July     "
"2017-07-28",2017,7,28,"July     "
"2017-07-29",2017,7,29,"July     "
"2017-07-30",2017,7,30,"July     "
"2017-07-31",2017,7,31,"July     "
"2017-08-01",2017,8,1,"August   "
"2017-08-02",2017,8,2,"August   "
"2017-08-03",2017,8,3,"August   "
"2017-08-04",2017,8,4,"August   "
"2017-08-05",2017,8,5,"August   "
"2017-08-06",2017,8,6,"August   "
"2017-08-07",2017,8,7,"August   "
"2017-08-08",2017,8,8,"August   "
"2017-08-09",2017,8,9,"August   "
"2017-08-10",2017,8,10,"August   "
"2017-08-11",2017,8,11,"August   "
"2017-08-12",2017,8,12,"August   "
"2017-08-13",2017,8,13,"August   "
"2017-08-14",2017,8,14,"August   "
"2017-08-15",2017,8,15,"August   "
"2017-08-16",2017,8,16,"August   "
"2017-08-17",2017,8,17,"August   "
"2017-08-18",2017,8,18,"August   "
"2017-08-19",2017,8,19,"August   "
"2017-08-20",2017,8,20,"August   "
"2017-08-21",2017,8,21,"August   "
"2017-08-22",2017,8,22,"August   "
"2017-08-23",2017,8,23,"August   "
"2017-08-24",2017,8,24,"August   "
"2017-08-25",2017,8,25,"August   "
"2017-08-26",2017,8,26,"August   "
"2017-08-27",2017,8,27,"August   "
"2017-08-28",2017,8,28,"August   "
"2017-08-29",2017,8,29,"August   "
"2017-08-30",2017,8,30,"August   "
"2017-08-31",2017,8,31,"August   "
"2017-09-01",2017,9,1,"September"
"2017-09-02",2017,9,2,"September"
"2017-09-03",2017,9,3,"September"
"2017-09-04",2017,9,4,"September"
"2017-09-05",2017,9,5,"September"
"2017-09-06",2017,9,6,"September"
"2017-09-07",2017,9,7,"September"
"2017-09-08",2017,9,8,"September"
"2017-09-09",2017,9,9,"September"
"2017-09-10",2017,9,10,"September"
"2017-09-11",2017,9,11,"September"
"2017-09-12",2017,9,12,"September"
"2017-09-13",2017,9,13,"September"
"2017-09-14",2017,9,14,"September"
"2017-09-15",2017,9,15,"September"
"2017-09-16",2017,9,16,"September"
"2017-09-17",2017,9,17,"September"
"2017-09-18",2017,9,18,"September"
"2017-09-19",2017,9,19,"September"
"2017-09-20",2017,9,20,"September"
"2017-09-21",2017,9,21,"September"
"2017-09-22",2017,9,22,"September"
"2017-09-23",2017,9,23,"September"
"2017-09-24",2017,9,24,"September"
"2017-09-25",2017,9,25,"September"
"2017-09-26",2017,9,26,"September"
"2017-09-27",2017,9,27,"September"
"2017-09-28",2017,9,28,"September"
"2017-09-29",2017,9,29,"September"
"2017-09-30",2017,9,30,"September"
"2017-10-01",2017,10,1,"October  "
"2017-10-02",2017,10,2,"October  "
"2017-10-03",2017,10,3,"October  "
"2017-10-04",2017,10,4,"October  "
"2017-10-05",2017,10,5,"October  "
"2017-10-06",2017,10,6,"October  "
"2017-10-07",2017,10,7,"October  "
"2017-10-08",2017,10,8,"October  "
"2017-10-09",2017,10,9,"October  "
"2017-10-10",2017,10,10,"October  "
"2017-10-11",2017,10,11,"October  "
"2017-10-12",2017,10,12,"October  "
"2017-10-13",2017,10,13,"October  "
"2017-10-14",2017,10,14,"October  "
"2017-10-15",2017,10,15,"October  "
"2017-10-16",2017,10,16,"October  "
"2017-10-17",2017,10,17,"October  "
"2017-10-18",2017,10,18,"October  "
"2017-10-19",2017,10,19,"October  "
"2017-10-20",2017,10,20,"October  "
"2017-10-21",2017,10,21,"October  "
"2017-10-22",2017,10,22,"October  "
"2017-10-23",2017,10,23,"October  "
"2017-10-24",2017,10,24,"October  "
"2017-10-25",2017,10,25,"October  "
"2017-10-26",2017,10,26,"October  "
"2017-10-27",2017,10,27,"October  "
"2017-10-28",2017,10,28,"October  "
"2017-10-29",2017,10,29,"October  "
"2017-10-30",2017,10,30,"October  "
"2017-10-31",2017,10,31,"October  "
"2017-11-01",2017,11,1,"November "
"2017-11-02",2017,11,2,"November "
"2017-11-03",2017,11,3,"November "
"2017-11-04",2017,11,4,"November "
"2017-11-05",2017,11,5,"November "
"2017-11-06",2017,11,6,"November "
"2017-11-07",2017,11,7,"November "
"2017-11-08",2017,11,8,"November "
"2017-11-09",2017,11,9,"November "
"2017-11-10",2017,11,10,"November "
"2017-11-11",2017,11,11,"November "
"2017-11-12",2017,11,12,"November "
"2017-11-13",2017,11,13,"November "
"2017-11-14",2017,11,14,"November "
"2017-11-15",2017,11,15,"November "
"2017-11-16",2017,11,16,"November "
"2017-11-17",2017,11,17,"November "
"2017-11-18",2017,11,18,"November "
"2017-11-19",2017,11,19,"November "
"2017-11-20",2017,11,20,"November "
"2017-11-21",2017,11,21,"November "
"2017-11-22",2017,11,22,"November "
"2017-11-23",2017,11,23,"November "
"2017-11-24",2017,11,24,"November "
"2017-11-25",2017,11,25,"November "
"2017-11-26",2017,11,26,"November "
"2017-11-27",2017,11,27,"November "
"2017-11-28",2017,11,28,"November "
"2017-11-29",2017,11,29,"November "
"2017-11-30",2017,11,30,"November "
"2017-12-01",2017,12,1,"December "
"2017-12-02",2017,12,2,"December "
"2017-12-03",2017,12,3,"December "
"2017-12-04",2017,12,4,"December "
"2017-12-05",2017,12,5,"December "
"2017-12-06",2017,12,6,"December "
"2017-12-07",2017,12,7,"December "
"2017-12-08",2017,12,8,"December "
"2017-12-09",2017,12,9,"December "
"2017-12-10",2017,12,10,"December "
"2017-12-11",2017,12,11,"December "
"2017-12-12",2017,12,12,"December "
"2017-12-13",2017,12,13,"December "
"2017-12-14",2017,12,14,"December "
"2017-12-15",2017,12,15,"December "
"2017-12-16",2017,12,16,"December "
"2017-12-17",2017,12,17,"December "
"2017-12-18",2017,12,18,"December "
"2017-12-19",2017,12,19,"December "
"2017-12-20",2017,12,20,"December "
"2017-12-21",2017,12,21,"December "
"2017-12-22",2017,12,22,"December "
"2017-12-23",2017,12,23,"December "
"2017-12-24",2017,12,24,"December "
"2017-12-25",2017,12,25,"December "
"2017-12-26",2017,12,26,"December "
"2017-12-27",2017,12,27,"December "
"2017-12-28",2017,12,28,"December "
"2017-12-29",2017,12,29,"December "
"2017-12-30",2017,12,30,"December "
"2017-12-31",2017,12,31,"December "
"2018-01-01",2018,1,1,"January  "
"2018-01-02",2018,1,2,"January  "
"2018-01-03",2018,1,3,"January  "
"2018-01-04",2018,1,4,"January  "
"2018-01-05",2018,1,5,"January  "
"2018-01-06",2018,1,6,"January  "
"2018-01-07",2018,1,7,"January  "
"2018-01-08",2018,1,8,"January  "
"2018-01-09",2018,1,9,"January  "
"2018-01-10",2018,1,10,"January  "
"2018-01-11",2018,1,11,"January  "
"2018-01-12",2018,1,12,"January  "
"2018-01-13",2018,1,13,"January  "
"2018-01-14",2018,1,14,"January  "
"2018-01-15",2018,1,15,"January  "
"2018-01-16",2018,1,16,"January  "
"2018-01-17",2018,1,17,"January  "
"2018-01-18",2018,1,18,"January  "
"2018-01-19",2018,1,19,"January  "
"2018-01-20",2018,1,20,"January  "
"2018-01-21",2018,1,21,"January  "
"2018-01-22",2018,1,22,"January  "
"2018-01-23",2018,1,23,"January  "
"2018-01-24",2018,1,24,"January  "
"2018-01-25",2018,1,25,"January  "
"2018-01-26",2018,1,26,"January  "
"2018-01-27",2018,1,27,"January  "
"2018-01-28",2018,1,28,"January  "
"2018-01-29",2018,1,29,"January  "
"2018-01-30",2018,1,30,"January  "
"2018-01-31",2018,1,31,"January  "
"2018-02-01",2018,2,1,"February "
"2018-02-02",2018,2,2,"February "
"2018-02-03",2018,2,3,"February "
"2018-02-04",2018,2,4,"February "
"2018-02-05",2018,2,5,"February "
"2018-02-06",2018,2,6,"February "
"2018-02-07",2018,2,7,"February "
"2018-02-08",2018,2,8,"February "
"2018-02-09",2018,2,9,"February "
"2018-02-10",2018,2,10,"February "
"2018-02-11",2018,2,11,"February "
"2018-02-12",2018,2,12,"February "
"2018-02-13",2018,2,13,"February "
"2018-02-14",2018,2,14,"February "
"2018-02-15",2018,2,15,"February "
"2018-02-16",2018,2,16,"February "
"2018-02-17",2018,2,17,"February "
"2018-02-18",2018,2,18,"February "
"2018-02-19",2018,2,19,"February "
"2018-02-20",2018,2,20,"February "
"2018-02-21",2018,2,21,"February "
"2018-02-22",2018,2,22,"February "
"2018-02-23",2018,2,23,"February "
"2018-02-24",2018,2,24,"February "
"2018-02-25",2018,2,25,"February "
"2018-02-26",2018,2,26,"February "
"2018-02-27",2018,2,27,"February "
"2018-02-28",2018,2,28,"February "
"2018-03-01",2018,3,1,"March    "
"2018-03-02",2018,3,2,"March    "
"2018-03-03",2018,3,3,"March    "
"2018-03-04",2018,3,4,"March    "
"2018-03-05",2018,3,5,"March    "
"2018-03-06",2018,3,6,"March    "
"2018-03-07",2018,3,7,"March    "
"2018-03-08",2018,3,8,"March    "
"2018-03-09",2018,3,9,"March    "
"2018-03-10",2018,3,10,"March    "
"2018-03-11",2018,3,11,"March    "
"2018-03-12",2018,3,12,"March    "
"2018-03-13",2018,3,13,"March    "
"2018-03-14",2018,3,14,"March    "
"2018-03-15",2018,3,15,"March    "
"2018-03-16",2018,3,16,"March    "
"2018-03-17",2018,3,17,"March    "
"2018-03-18",2018,3,18,"March    "
"2018-03-19",2018,3,19,"March    "
"2018-03-20",2018,3,20,"March    "
"2018-03-21",2018,3,21,"March    "
"2018-03-22",2018,3,22,"March    "
"2018-03-23",2018,3,23,"March    "
"2018-03-24",2018,3,24,"March    "
"2018-03-25",2018,3,25,"March    "
"2018-03-26",2018,3,26,"March    "
"2018-03-27",2018,3,27,"March    "
"2018-03-28",2018,3,28,"March    "
"2018-03-29",2018,3,29,"March    "
"2018-03-30",2018,3,30,"March    "
"2018-03-31",2018,3,31,"March    "
"2018-04-01",2018,4,1,"April    "
"2018-04-02",2018,4,2,"April    "
"2018-04-03",2018,4,3,"April    "
"2018-04-04",2018,4,4,"April    "
"2018-04-05",2018,4,5,"April    "
"2018-04-06",2018,4,6,"April    "
"2018-04-07",2018,4,7,"April    "
"2018-04-08",2018,4,8,"April    "
"2018-04-09",2018,4,9,"April    "
"2018-04-10",2018,4,10,"April    "
"2018-04-11",2018,4,11,"April    "
"2018-04-12",2018,4,12,"April    "
"2018-04-13",2018,4,13,"April    "
"2018-04-14",2018,4,14,"April    "
"2018-04-15",2018,4,15,"April    "
"2018-04-16",2018,4,16,"April    "
"2018-04-17",2018,4,17,"April    "
"2018-04-18",2018,4,18,"April    "
"2018-04-19",2018,4,19,"April    "
"2018-04-20",2018,4,20,"April    "
"2018-04-21",2018,4,21,"April    "
"2018-04-22",2018,4,22,"April    "
"2018-04-23",2018,4,23,"April    "
"2018-04-24",2018,4,24,"April    "
"2018-04-25",2018,4,25,"April    "
"2018-04-26",2018,4,26,"April    "
"2018-04-27",2018,4,27,"April    "
"2018-04-28",2018,4,28,"April    "
"2018-04-29",2018,4,29,"April    "
"2018-04-30",2018,4,30,"April    "
"2018-05-01",2018,5,1,"May      "
"2018-05-02",2018,5,2,"May      "
"2018-05-03",2018,5,3,"May      "
"2018-05-04",2018,5,4,"May      "
"2018-05-05",2018,5,5,"May      "
"2018-05-06",2018,5,6,"May      "
"2018-05-07",2018,5,7,"May      "
"2018-05-08",2018,5,8,"May      "
"2018-05-09",2018,5,9,"May      "
"2018-05-10",2018,5,10,"May      "
"2018-05-11",2018,5,11,"May      "
"2018-05-12",2018,5,12,"May      "
"2018-05-13",2018,5,13,"May      "
"2018-05-14",2018,5,14,"May      "
"2018-05-15",2018,5,15,"May      "
"2018-05-16",2018,5,16,"May      "
"2018-05-17",2018,5,17,"May      "
"2018-05-18",2018,5,18,"May      "
"2018-05-19",2018,5,19,"May      "
"2018-05-20",2018,5,20,"May      "
"2018-05-21",2018,5,21,"May      "
"2018-05-22",2018,5,22,"May      "
"2018-05-23",2018,5,23,"May      "
"2018-05-24",2018,5,24,"May      "
"2018-05-25",2018,5,25,"May      "
"2018-05-26",2018,5,26,"May      "
"2018-05-27",2018,5,27,"May      "
"2018-05-28",2018,5,28,"May      "
"2018-05-29",2018,5,29,"May      "
"2018-05-30",2018,5,30,"May      "
"2018-05-31",2018,5,31,"May      "
"2018-06-01",2018,6,1,"June     "
"2018-06-02",2018,6,2,"June     "
"2018-06-03",2018,6,3,"June     "
"2018-06-04",2018,6,4,"June     "
"2018-06-05",2018,6,5,"June     "
"2018-06-06",2018,6,6,"June     "
"2018-06-07",2018,6,7,"June     "
"2018-06-08",2018,6,8,"June     "
"2018-06-09",2018,6,9,"June     "
"2018-06-10",2018,6,10,"June     "
"2018-06-11",2018,6,11,"June     "
"2018-06-12",2018,6,12,"June     "
"2018-06-13",2018,6,13,"June     "
"2018-06-14",2018,6,14,"June     "
"2018-06-15",2018,6,15,"June     "
"2018-06-16",2018,6,16,"June     "
"2018-06-17",2018,6,17,"June     "
"2018-06-18",2018,6,18,"June     "
"2018-06-19",2018,6,19,"June     "
"2018-06-20",2018,6,20,"June     "
"2018-06-21",2018,6,21,"June     "
"2018-06-22",2018,6,22,"June     "
"2018-06-23",2018,6,23,"June     "
"2018-06-24",2018,6,24,"June     "
"2018-06-25",2018,6,25,"June     "
"2018-06-26",2018,6,26,"June     "
"2018-06-27",2018,6,27,"June     "
"2018-06-28",2018,6,28,"June     "
"2018-06-29",2018,6,29,"June     "
"2018-06-30",2018,6,30,"June     "
"2018-07-01",2018,7,1,"July     "
"2018-07-02",2018,7,2,"July     "
"2018-07-03",2018,7,3,"July     "
"2018-07-04",2018,7,4,"July     "
"2018-07-05",2018,7,5,"July     "
"2018-07-06",2018,7,6,"July     "
"2018-07-07",2018,7,7,"July     "
"2018-07-08",2018,7,8,"July     "
"2018-07-09",2018,7,9,"July     "
"2018-07-10",2018,7,10,"July     "
"2018-07-11",2018,7,11,"July     "
"2018-07-12",2018,7,12,"July     "
"2018-07-13",2018,7,13,"July     "
"2018-07-14",2018,7,14,"July     "
"2018-07-15",2018,7,15,"July     "
"2018-07-16",2018,7,16,"July     "
"2018-07-17",2018,7,17,"July     "
"2018-07-18",2018,7,18,"July     "
"2018-07-19",2018,7,19,"July     "
"2018-07-20",2018,7,20,"July     "
"2018-07-21",2018,7,21,"July     "
"2018-07-22",2018,7,22,"July     "
"2018-07-23",2018,7,23,"July     "
"2018-07-24",2018,7,24,"July     "
"2018-07-25",2018,7,25,"July     "
"2018-07-26",2018,7,26,"July     "
"2018-07-27",2018,7,27,"July     "
"2018-07-28",2018,7,28,"July     "
"2018-07-29",2018,7,29,"July     "
"2018-07-30",2018,7,30,"July     "
"2018-07-31",2018,7,31,"July     "
"2018-08-01",2018,8,1,"August   "
"2018-08-02",2018,8,2,"August   "
"2018-08-03",2018,8,3,"August   "
"2018-08-04",2018,8,4,"August   "
"2018-08-05",2018,8,5,"August   "
"2018-08-06",2018,8,6,"August   "
"2018-08-07",2018,8,7,"August   "
"2018-08-08",2018,8,8,"August   "
"2018-08-09",2018,8,9,"August   "
"2018-08-10",2018,8,10,"August   "
"2018-08-11",2018,8,11,"August   "
"2018-08-12",2018,8,12,"August   "
"2018-08-13",2018,8,13,"August   "
"2018-08-14",2018,8,14,"August   "
"2018-08-15",2018,8,15,"August   "
"2018-08-16",2018,8,16,"August   "
"2018-08-17",2018,8,17,"August   "
"2018-08-18",2018,8,18,"August   "
"2018-08-19",2018,8,19,"August   "
"2018-08-20",2018,8,20,"August   "
"2018-08-21",2018,8,21,"August   "
"2018-08-22",2018,8,22,"August   "
"2018-08-23",2018,8,23,"August   "
"2018-08-24",2018,8,24,"August   "
"2018-08-25",2018,8,25,"August   "
"2018-08-26",2018,8,26,"August   "
"2018-08-27",2018,8,27,"August   "
"2018-08-28",2018,8,28,"August   "
"2018-08-29",2018,8,29,"August   "
"2018-08-30",2018,8,30,"August   "
"2018-08-31",2018,8,31,"August   "
"2018-09-03",2018,9,3,"September"
"2018-09-06",2018,9,6,"September"
"2018-09-10",2018,9,10,"September"
"2018-09-11",2018,9,11,"September"
"2018-09-12",2018,9,12,"September"
"2018-09-13",2018,9,13,"September"
"2018-09-17",2018,9,17,"September"
"2018-09-20",2018,9,20,"September"
"2018-09-25",2018,9,25,"September"
"2018-09-26",2018,9,26,"September"
"2018-09-29",2018,9,29,"September"
"2018-10-01",2018,10,1,"October  "
"2018-10-03",2018,10,3,"October  "
"2018-10-16",2018,10,16,"October  "
"2018-10-17",2018,10,17,"October  "
